review_text,pest_or_vermin,foreign_object_in_food,food_safety_concern,visible_dirtness,staff_hygiene,illness_after_eating,no_hygiene_signal
Café Vivaldi tager betalt for postevandet.,,,,,,,
"Vi var en gruppe på 11 personer, der spiste der. Der var spindelvæv over riskrukken. Menuerne var lavet af gammelt pap og dækkede tallerkenerne. Vandet til isen og risskeerne var ikke særlig hygiejnisk. Maden smagte forfærdeligt, så efter den første portion blev vi alle enige om at gå og købe noget andet. Så fik vi mavekramper den aften. Udvalget var også meget begrænset. Buffeten var omkring 2 meter lang. Issmagene var blandet sammen. Betjeningen var meget venlig og effektiv.",,,1,1,,1,
"Vi er alle mennesker, vi kan alle glemme ting. Så derfor behøver du ikke at skælde ud fordi jeg har glemt mundbind. Og efter du har givet mig et mundbind, så behøver du ikke at vade mere i det! Respekter dine kunder og lad vær med at være så stresset!",,,,,,,
God,,,,,,,
"Har fået burgere derfra 2 gange nu, og bollerne var helt brændt indeni begge gange. Skal aldrig havde burger derfra igen, og det kan ikke anbefales.",,,1,,,,
"Forretterne var okay, men hovedretten (noget thailandsk oksekødssalat) var bare forfærdelig. Kødet var kogt gråt, dårlig kvalitet og smagte meget intetsigende og krydderierne formåede ikke at dække over fejlen. …",,,,,,,
Frygtelig service.,,,,,,,
"Jeg ville gerne spise her, men desværre kunne man ikke betale med kort den aften. Jeg spurgte, om jeg kunne betale med euro, og kassedamen svarede ja, men byttepengene ville blive returneret i kroner. Jeg accepterede dette, bestilte min mad, gik hen for at betale, gav hende 50 euro, og hun returnerede byttepengene i kroner. På regningen stod der, hvor meget det kostede, hvor meget 50 euro er i kroner, og hvor mange kroner byttepengene er. Jeg bemærkede her, at 50 euro er vekslet til 250 kroner, hvilket er et røveri, i betragtning af at det med den normale vekselkurs ville være et sted omkring 370 kroner. Jeg gik derhen to gange for at klage, fordi de ikke advarede mig om, at de brugte en anden valutakurs, eller at der var nogen meddelelse om dette. Efter 2 gange at have klaget, returnerede de resten af ​​de kroner, de skyldte mig.",,,,,,,
"Hej Mandus, Tusind tak, fordi du tog dig tid til at skrive en anmeldelse. Vi er rigtig glade for din fine vurdering af både maden, servicen og stemningen! 🙌😃 Derfor blev vi også lidt kede af den samlede vurdering på 1 stjerne. Hvis der var noget, du var utilfreds med, vil vi meget gerne høre mere, så vi kan blive bedre. Du er meget velkommen til at kontakte os direkte på info@godsandwich.dk 😊 De bedste hilsner God Sandwich",,,,,,,
"Det værste thailandske måltid, vi nogensinde har spist, og vi har spist meget. Maden var alt for salt og fyldt med forfærdeligt smagende kød. En stor fiasko for os.",,,,,,,
Desværre en rigtig kedelig oplevelse. Vi ventede længere tid på vores drikkevare end vi gjorde på de kolde pizzaer der …,,,,,,,
Den værste service.,,,,,,,
"Kom endelig indenfor, hvis der er mange mennesker. Der er ingen lydisolering. Alle taler højt. Man kan ikke hvile sig indenfor.",,,,,,,
"Jeg var her i dag. Jeg afgav en ordre på 5 varer, og jeg måtte vente i over 10 minutter på, at min ordre blev foretaget. Jeg var her mange andre gange, og jeg fik min ordre under 10 minutter. Maden er ellers OK, men i dag var ventetiden uhyrlig.",,,,,,,
"Vil aldrig vende tilbage. Damen, der driver restauranten, er fuldstændig uhøflig og meget imødekommende. Og ingen anelse om hvorfor hun var så uhøflig mod os. Pastaen af ​​søn har han var tilfreds med, meget stor portion. Salat var under …",,,,,,,
"En service der kun er minimal. 30 minutter at få en bestilling efter klage, med reducerede portioner og endnu flere lækager.",,,,,,,
"På kortene har de åbent til klokken 18.00, lige før klokken 17.00 står der, at de har lukket, selvom pladserne foran caféen er optaget.",,,,,,,
"Ventetiden er meget lang. Vi bestilte 3 cocktails, der både lignede og smagte som slash ice-drinks, meget sukkerholdige og farverige, men langt fra originalen. Bartenderen vidste virkelig ikke, hvad han lavede, og han virkede fortabt i rummet. Kommer aldrig tilbage igen.",,,,,,,
"Bare et skyggefuldt sted. Se på denne serviet, frisk ud af servietdispenseren. Langt fra rent! Jeg trak seks ud, og de var alle sådan her. Hvad...? Bare stedets udseende og maden er nok til at give dig lyst til at gå sulten hjem i stedet. Så det gjorde jeg. Kommer aldrig tilbage.",,,,1,,,
"RACISME-ADVARSEL! Spild ikke jeres tid på dette forfærdelige sted. Tjeneren var flink, men ejeren og det kvindelige personale var racistiske, ubehagelige og uhøflige. Vi var tre venner, der bestilte æg, kage og kaffe. Vennen, der bestilte kaffen, blev bedt om at drikke sin kaffe stående, fordi de forventede travl betjening, selvom der var flere tomme sæder. Ejeren var uhøflig og insisterede på, at han ikke ville lade min ven sidde og drikke sin kaffe, medmindre hun også tilføjede noget andet til bestillingen. Vil aldrig komme tilbage. Følte mig ydmyget og nedtrykt. Skam jer! Er det sådan, udlændinge/turister bliver behandlet i København? P.S. de lokale i butikken, vi sidder i, drikker bare kaffe, men ingen af ​​dem blev behandlet på samme måde som os.",,,,,,,
"I'm about to end this mans hole career Burger kommer med praktisk talt rå bacon, pizza der kommer med tilbehør man …",,,1,,,,
"Der var en fyr iført hat og gik til kunder, det var utroligt uhøfligt, da jeg henvendte mig til ham med et spørgsmål om poolbordene. Der er ingen indikation af, hvilken mønt du skal ind i puljen, og jeg indsatte 20kr i stedet for 10kr, for det var umuligt at vide det rigtige beløb. Da en anden fortalte os, at det var 10 kr., spurgte jeg denne specifikke bartender, og han svarede på den mest uhøflige måde som muligt, og fortalte mig, hvordan det var helt klart, at det var 10 kr., og at jeg kunne skade poolbordet ved at indsætte 20. Efter at have tjekket igen for eventuelle indikationer ved bordet og være sikker på, at der ikke er nogen (der er et meget slidt papir, hvor det måske ikke var skrevet på et tidspunkt, hvor jeg bare ikke ville fortælle ham), klart, jeg var virkelig ligeglad med at få 10kr tilbage, og han var igen utrolig uhøflig og fortalte mig med en frygtelig attitude, at jeg tog fejl, det stod tydeligt skrevet og at alle vidste det var 10kr (jeg ved ikke hvordan han forventer at nye kunder ved hvor meget puljen koster). Som en oversigt, utrolig uhøflig bartender (iført en sjov hat), der ikke burde arbejde i et kundeorienteret arbejde. Bortset fra det er baren ret fin tbh, ærgerligt at opleve uhøflighed, når der stilles simple spørgsmål.",,,,,,,
"Et sted, hvor maden er som små malerier, vil du være ret fattig, hvis du skal være mæt.",,,,,,,
"Dårlig service, hun virkede ikke særlig kvik den unge dame. Bestilte en durum med rød dressing, det sagde hun de ikke havde, så spurgte jeg om de kunne bruge burger dressing, det kunne de godt. Vi fik maden og der var kommet creme fraiche på som vi ikke skulle have.... svaret var, det plejer vi at komme på. Hmm..",,,,,,,
"Vi har købt chikensalsa , og den ene skal være uden øst, men da vi kom hjem det var kun brød og chiken, uden salat eller dressing . Dårlig service!!🤦🏽‍♀️ drengen var meget ulykkelig 🥴 …",,,,,,,
"Jeg tilslutter mig koret af folk som ikke har fået den rigtige kop kaffe til den rigtige pris må man har bestilt via automaten i afgangshallen. Jeg bestilte en dbl. Americano - betalte 40kr men fik en EKTREM lille FILTER kaffe (på størrelse med en dbl. espresso) og en regning på 40kr. Når ikke mulighederne for at få andet at spise/drikke på i afgangshallen, end at trække det i en automat, så er det altså virkelig træls at man i den grad bliver snydt for det man har bestilt og betalt for. I øvrigt er der ikke noget kontakt-nummer man kan ringe til såfremt man ikke har fået det man bestilte - så kan man i stedet bare gå sin vej…. Jeg er absolut ikke imponeret!",,,,,,,
"Kan på ingen måde anbefale caféen. Der er tydeligvis ikke plads til folk, der ønsker en alkoholfri aften. Man bliver ligefrem smidt ud, hvis man ikke bestiller alkohol, hvilket er helt absurd. Der står intet om dette på deres hjemmeside, tværtimod står der, at alle er velkomne, hvilket tydeligvis ikke passer. Brug hellere jeres penge et andet sted.",,,,,,,
"GLUTENINTOLERANTE: DOBBELTCHECK! Jeg bestilte et bord og nævnte fødevareallergier. Ved ankomsten informerede jeg servitricen om min glutenintolerance. Da jeg bestilte min pizza, understregede jeg dobbelt vigtigheden af ​​en glutenfri dej. Jeg bad om søde kartofler i stedet for svampe på pizzaen. Da pizzaen ankom, sagde min intuition mig, at jeg skulle dobbelttjekke med kokken, der havde bragt den. Så han spurgte køkkenet, og det viste sig, at min pizza ikke var glutenfri! Servitricen kom og sagde noget i retning af: åhhh, her er travlt. Ingen undskyldninger. Så jeg sagde til hende: du ved, at folk kan blive meget syge på grund af denne forsømmelse, endda hospitalsindlæggelse i værste fald. Først da undskyldte hun. Hun spurgte mig, om jeg ville bestille igen, men jeg bad hende om at lade mig tjekke menuen igen, fordi pizzaen ikke var særlig stor, og den ville ikke være tilstrækkelig. Jeg ventede i mere end fem minutter, men hun kom aldrig tilbage til mig. Så jeg rejste mig, begyndte at tage frakke, handsker, tørklæde, rygsæk, håndtaske på - alt sammen meget langsomt i håb om, at de på en eller anden måde ville spørge eller fortælle mig noget. Som om det var en forfærdelig fejltagelse, ville vi være mere opmærksomme på din allergi, eller tage noget på husets vegne. Men intet. Så jeg tog afsted. Og jeg kommer aldrig tilbage. Ærgerligt, for pizzaerne virkede virkelig velsmagende. Og bortset fra denne hændelse var servitricen venlig. Jeg beklager, hvad der skete, og endnu mere reaktionen på det. Jeg skriver ikke denne anmeldelse med negative intentioner, jeg synes bare, det er nødvendigt for at skabe mere opmærksomhed omkring glutenintolerance blandt jeres medarbejdere. Dette sted føltes ikke længere trygt for mig at spise på det tidspunkt. Tak!",,,1,,,,
Jeg havde bestilt en crispy buffalo og kigger under tilpas at den var uden tomat når jeg så først for min mad åbner jeg den og ser at de har kommet en tomat i min mad :(,,,1,,,,
Den værste burger King jeg nogensinde har besøgt.Måtte vente 15 minutter bare for at kunne for lov til at lave en bestilling i drive in. Dernæst måtte jeg vente ca 10 minutter på at få lovtil at betale og så vente yderlige vente ca 15 minutter på at få maden. Men det værste af det hele var at der var totalt tomt i resturanten. Der kommer jeg ALDRIG igen,,,,,,,
"Min ven fandt plastik i det sidste stykke wienerschitzel. Jeg viste den til tjeneren. En anden tjener kom og sagde, at de opbevarer maden i en plastikboks, og det var grunden. Jeg bad om regningen. De gav ikke engang rabat. …",,1,,,,,
"Muslingerne var dårlige og uspiselige. Vi måtte alligevel betale fuld pris. Det var dårligt! En klassisk turistfælde, som vi ikke kan anbefale.",,,1,,,,
"TJEK DIN ORDRE, FØR DU FORLADER RESTAURANTEN Jeg bestilte: 106 Kau kerb kung 1 109 Phat thai Vegetar m/ tofu Medium 2 101 Paa pia Vegetar 1 Hvis du bemærkede 2 Phat Thai, så gjorde du det bedre end restauranten. Jeg har kun fået én Phat Thai. Kom hjem og bemærkede det først, da vi skulle have spist. Prøvede at ringe til restauranten kl. 21:45, men de gider ikke at tage telefonen, når det er så tæt på lukketid. Jeg er meget skuffet.",,,,,,,
"Godt, men tog 150 kr istedet for 50 kr for 3 kugler is vaffel...",,,,,,,
Hej vi kede af din anmeldelse. Vil du give en uddybere udtalelse af din oplevelse på vores mail. Info@cafeskytten.dk qå vi eventuelt kan få rettet op på det hilsen Momo,,,,,,,
"Fordi der var så travlt, bestilte jeg ikke noget; det tog ufatteligt lang tid. Det er bedre at tage noget med sig og bare sidde et sted på græsset. Det sparer en formue, og man behøver ikke at vente.",,,,,,,
"Ikke imponeret over levering. Første tidspunkt rykkes 15 minutter fra aftalt tid, helt fair. Herefter er mad stadig ikke leveret efter 49 minutter. Restaurant kontaktes som vil ringe tilbage, efter 15 minutter stadig ingen tilbagemelding og telefon går på svarer - det er en ommer!!",,,,,,,
"man kommer til skole ol hvor der stort set kun er børn, så vælger hun at sætte prisen til 40kr og det er børn der skal købe det+ der kommer intet fyld mega nærig og uproffesionelt",,,,,,,
"Fuldstændig ikke pengene værd!! Vil aldrig spise der igen. Hvis jeg kunne, ville jeg ikke give en eneste stjerne.",,,,,,,
"Det er simpelthen for sløset hos bentzons. Har en gang, fået en durum som jeg var kæmpe fan af, men sidenhen er jeg bare blevet skuffet gang på gang. Man kan virkelig mærke hvordan der forsøges at spare på kødet, selvom det er et pizzaria som allerede er dyrere end gennemsnittet. Har valgt at vedlægge et billede, så ejeren måske selv kan se, hvad det er han sælger for 69 kroner. Det smagte af dej og dressing og ikke så meget andet.  Hvorfor altid så lidt kød?? Det samme sker på din kebab pizza, det er også vanvittigt lidt kød man får på den.. Derudover det, bestiller jeg altid uden rødløg, men får altid rødløg oveni. Må sige, det nok er sidste gang jeg giver dette sted en chance..",,,1,,,,
Kold mad.,,,,,,,
Jeg blev straks mødt af klagende personale. Jeg forlod så caféen uden at spise.,,,,,,,
"Steak på 250g var istedet 2 tynde steaks der var stegt fuldstændig og særdeles i smadder, 100% uspiseligt. Kontaktede Just-eat, men de havde ikke noget held med at tale med dem, da de benægtede det. Kontakede dem så selv hvor jeg fik fortalt at det var andre danskeres skyld og hvis jeg ikke ville have stegt det som en sko sål, så skulle jeg sige det i bestillingen. Nå ja.. så svinede hun mig da også lige til og ringede mig op igen for at svine mig videre da jeg lagde på. Jeg var åbenbart bare ude på at få gratis mad ifølge dem. Om ikke andet blev min hund mæt.",,,,,,,
"Min partner og jeg er langtidsveganere. Vi bad om tofu-skålen, og fik serveret en ande-skål, som vi tog en bid af, før vi indså det ... Kommer aldrig her igen ...",,,1,,,,
"Via Wolt fik jeg leveret flere ting, herunder 57 gram brød, som jeg blev bonget en tyver for! Wolt slår selvsagt bare ud med både arme og ben, som vanligt. Wolt lader sig gang på gang bruge til at restauranter kan levere elendig mad og minimale portioner til overpriser.. som forbruger bliver du bare sendt rundt i manegen, og der kan man jo finde sig i.. eller osse kan man stemme med sine fødder",,,,,,,
"Dårlig mad af dårlig kvalitet, jeg kan endda lave det bedre end dem.",,,,,,,
"Bestillte mad til levering, pomfritter var halv kolde og slatten brugeren var en slatten bolle og kødet var stegt så det føltes sej derud over havde de glemt 2 tiramisu som også var bestilt",,,,,,,
"Ekstremt uhøflige og aggressive servitricer. Har aldrig oplevet noget lignende. Ventede 1 time og 15 minutter på to toasts og blev bedt om at gå på en meget aggressiv måde, da jeg spurgte venligt om ventetiden. Ekstremt uacceptabel opførsel.",,,,,,,
"Det var koldt indenfor, en af ​​pizzaerne var lidt brændt. De opkræver også vand for alle ved bordet, selvom det kun var nogle af dem, der bestilte det. Lille billede af tallerkenerne.",,,1,,,,
"Pomfritterne var iskolde, da vi kom hjem. En af de ansatte spiste konstant pomfritter imens vi stod stod og ventede på vores mad. Derudover valgte personalet at lade døren stå piv åben, så indetemperaturen nåede ned på omtrent 3 grader. Stemningen var mærkelig, to af de ansatte stod bare og kiggede på at den tredje arbejdede og så havde de glemt at tænde for frituren. Ejeren Morten, anerkender kritikken, men er mindre interesseret i at svare på mails, så snart at snakken faldt på en sølle kompensation af to omgang pomfritter. Vi kommer aldrig mere på HolyCow! Lad være med at spørge, hvordan du kan gøre det godt igen, Morten, når du ikke efterlever det!",,,,,,,
Verdens værste service,,,,,,,
"Virkelig ringe halloumi pita, den ost der bruges har ikke noget med halloumi at gøre. God service.",,,,,,,
"Desværre har de ikke gjort nogen indsats for at implementere COVID-19-foranstaltninger. Uden billet udenfor skal du vælge og bestille indenfor. De har to indgange, men disse bruges ikke som indgange eller udgange, der er ingen …",,,,,1,,
Hej Lucas Det var ikke mange - hvad ligger til grund for det?,,,,,,,
"Her vil du opleve alle stadier af sorg, undtagen accept. Smagen var acceptabel, og det er det eneste mulige, jeg kan sige. Priserne var store, portionerne var små. Omelet var tydeligt mikrobølget, da det var koldt i bunden. Brødet var det billigste man kan få fra butikken og den ""ærlige økologiske"" iste var importeret nestea. Min anbefaling er at holde sig væk.",,,,,,,
Dårlig mad til et overpris. Tør pasta vil blive leveret. Velsmagende øl dog,,,,,,,
"Jeg har aldrig før været i en BK, der tager ekstra for ketchup, og det at servere pålægsbøffer var bare mere ulækkert oveni. Prismæssigt matcher de ikke kampagnen, der var 2 måltider for én. Virkelig snyd.",,,,,,,
"En dårlig Macdonald's forklædt som en BK. Hvis du vil betale den samme pris for en low-mid burger med overstrømmende mayonnaise som for en god middag i Milano, så er dette helt sikkert stedet for dig. Desværre foretrækker jeg sidstnævnte. (Sprød kylling = blød tærte)",,,,,,,
"Jeg ved, at jeg fortjener din indretning",,,,,,,
"Det var godt nok dårligt. Vi måtte gå ud mens vi ventede på maden, så grimt lugtede der. Pølserne var helt sorte(føj) kyllingen IKKE gennemstegt, og så var der møjbeskidt ved frituren og emfanget. Og så fik vi ikke det vi havde bestilt. Sidste gang jeg handler der.",,,1,1,1,,
"Den grønne Michelin-stjerne er virkelig for bæredygtighedens skyld, ikke smagen. Kom ikke, hvis du leder efter en god madoplevelse. Så salt! Smagen er ikke afbalanceret! Og servicen er ret arrogant. Anmeldelserne på Tripadvisor og Google Maps ser ud til at være fine. Men desværre er jeg meget, meget skuffet. Jeg har spist på mere end 15 Michelin-stjernede restauranter, herunder nogle 3- og 2-stjernede restauranter. Jeg har aldrig oplevet en situation som denne, hvor mange retter er meget salte. Efter den første ret bad jeg tjeneren om at lade køkkenet reducere saltniveauet. Men mange af de kommende er stadig meget salte. Det er indtil hovedretten, østershatten, at jeg ikke længere kan holde det ud. Alt er salt, fra svampen til saucen til quinoaen i den tilhørende ret. Jeg kunne næsten ikke spise retten færdig og lod det meste af den stå uberørt. Her kommer dramaet. Ved du, hvad lederen siger? ""Vi har allerede reduceret saltniveauet, efter du fortalte os det. Sådan serverer vi tingene."" Ingen kan være mere arrogant og respektløs end dette. Så fortalte jeg dem, at jeg har spist på mere end ti Michelin-stjernede restauranter, og at et sådant tilfælde aldrig er sket. De virker mere ydmyge efter det. De lyttede til min mening om desserterne, som jeg fandt tydelige ubalancer/tekniske problemer med. Trods saltproblemet er det stadig langt fra en Michelin-stjernet restaurant. Det er okay at bruge fermenterede/syltede grøntsager/frugter, men når det er hoveddelen, er det ikke acceptabelt for min smag. Smagen er for invasiv og stærk, selvom der er vaniljecreme/fløde. For eksempel har én ret vaniljecreme ovenpå med sojasovssmag og marinerede rosenkål og kastanjer. Kombinationen af ​​rosenkål og kastanjer er fin, men rosenkålen minder mere om en syltet grøntsag. Det er okay at have sådanne ting som pynt oven på noget, men de bruger det som kropsdel. En anden ret, hoveddesserten, har et lignende problem. Kombinationen af ​​artiskokcreme, æble og ingefær er god, men æblet er for surt til, at det ikke bliver balanceret. Jeg ville reducere mængden af ​​marinerede sure æbler eller bruge ikke kun de marinerede, men også nogle friske for at øge friskheden og sødmen. Der er mange flere problemer, jeg kan nævne om deres retter. Nogle retter er bare flade og mangler en interessant harmoni af smag og teksturer. Kartoflen med løvstikke har en stærk løvstikke-urtesmag, men bortset fra det er det bare en kartoffelteret. Porreretten er virkelig flad, de bruger tang-spinatsauce og svampe som topping på porren, men porren er stadig den stærkeste del, og andre smagsvarianter fungerer ikke sammen med porren. Jeg kan ærligt talt også lave grillet porre sådan her. Den grønne stjerne er bogstaveligt talt bare for bæredygtighedens skyld, ikke for smagen. Hvis du leder efter en velafbalanceret smag, tekstur, en symfoni af mad, så kom aldrig her. De ser ikke ud til at jagte en Michelin-stjerne på smag. De gav mig 15% rabat til sidst, men prisen er stadig høj. Med omkring 140 euro kan du få et anstændigt Michelin-stjernemåltid i Paris. Dette er slet ikke i nærheden af ​​en Michelin-anbefalet restaurant. Men nogle dele af nogle retter er fine. Og de passer til glutenfri diæt. Det glutenfri brød er et af de bedste glutenfri brød, jeg nogensinde har smagt. Og den tilhørende løgsuppe er dejlig (omend lidt salt, for meget sojasauce). Forretternes snacks er velafbalancerede og endda lidt overraskende. Kartoffelpundkagedelen er ikke dårlig. Jeg har aldrig smagt løvstikke før. Isen i fordesserten er dejlig (selvom den glutenfri version af græskardumpling er en fiasko, hvis skræl er for hård og tør. Jeg laver glutenfri desserter, og jeg ved, at det kan være meget bedre end dette). Artiskokcremen kombineret med lidt surt æble og ingefærolie er dejlig. Betjeningen er venlig, hvis man ikke fortæller dem om problemer. (Når man fortæller dem om problemer, opstår der problemer med servicen og restaurantens holdning.)",,,,,,,
"Virkelig ringe pulledpork burger har stadig kvalme, en stjerne er for meget.. priserne uden sammenhæng med madens kvalitet.",,,,,,1,
"Skuffende oplevelse. Betjeningen var uprofessionel — pigen med sort krøllet hår var synligt irriteret, da vi bad om at fjerne et par ingredienser fra en hotdog (hvilket burde gøre tingene lettere, ikke sværere). Værre endnu, personalet talte om os på dansk og troede tydeligvis, at vi ikke forstod (vi forstod det faktisk). Ekstremt respektløst og uprofessionelt. Vil ikke anbefale :)",,,,,,,
"Fik de klammeste ris ringer og siger det da vi faste kunder, det havde de aldrig hørt før, nå men det hjælper jo ikke os. Er skuffet over de ikke sagde næste gang vi kom fik vi gratis ris el noget. Vi kunne køre tilbage med dem. Ej det lidt svært da jeg er på job siger jeg. Hold da op en ringe service og har kommet der mange gange øv bøv",,,,,,,
Spiste hos jer med en veninde i tirsdags og fik en salmonella forgiftning med opkast og diarré efter at have spiste en Husets burger. Så derfor skal jeg absolut ikke spise noget hos jer igen.,,,,,,1,
"Pizza koster 80 krona, der er næsten ikke noget kød på. Dårlig kedelig tørt dyrt pizza, dårlig service. Dårligste durum jeg har fået til dato. Vandet og slap salat Durumen mindede mest om en tøm pandekage Ikke et sted jeg kan anbefale hvis man vil havde en god mad. Aldrig køber jeg derfra igen. Hold jer væk.",,,,,,,
Vanvittig tør og kedelig durum. De koksede i vores bestilling og der gik lang tid,,,,,,,
"Ved ikke lige hvad jeg skal sige. Men vi kom hjem og manglede halvanden menu. Så min søn fik ikke den mad han havde bestilt overhovedet. Jeg fik ikke mine pommefrits, og der mangles også en baconburger. Jeg er IKKE tilfreds overhovedet.",,,,,,,
"Hvorfor kan jeg ikke se min kommentar? Blev behandlet meget uretfærdigt, men kunne ikke se kommentarerne, virkelig skuffet. Servicen i denne restaurant er virkelig dårlig. Fire personer bestilte tre måltider efter deres appetit, og ejeren nægtede at give fire sæt knive og gafler, hvilket er uhørt.",,,,,,,
"1 stjerne – 3 pap-pizzaer uden sjæl Bestilte 3 pizzaer fra Miopizza – og det var desværre 3 gange pap, tørhed og skuffelse. Ingen smag, ingen olie, ingen saftighed. “Beef pizzaen” havde 5 krummer kød som pynt. Resten smagte som noget fra en dårlig kantine. Ejeren siger, man kan lave en pizza til 10 kr. – og det har han tydeligvis gjort. Spørgsmålet er bare: Hvorfor så tage 50 kr.? Personligt vil jeg hellere betale lidt mere for en pizza der faktisk lever – med smag, kærlighed og respekt for råvarerne. Det her var desværre bare mad uden mening.",,,,,,,
dårlige pandekager,,,,,,,
"Maden var utrolig dårlig, jeg har bestilt en ""hot n spicy"" ret som smagte slik med chili (utrolig sød). Det et sted man besøger en gang og vil komme aldrig igen. Uden tvivl, den bedste indisk/pakistanske mad findes i Restaurant Punjab i valby",,,,,,,
"Uhygiejnisk, intetsigende mad, sandwich til 84 kr som ligner og smagte af noget man selv lige hurtigt kaster sammen når man har travlt.",,,1,,1,,
Fin lille intim restaurant. Service rar og rolig. Japansk tema ikke gennemført. Maden meget neutral uden nogle særlige smagsoplevelser. Lever bestemt ikke op til prisen. Kommer ikke igen.,,,,,,,
"Hej Lars Michaelsen, Det er virkelig skuffende for os at se, at du havde en dårlig oplevelse med os. Vi vil meget gerne vide, hvad der skete, og hvordan vi kan gøre det bedre næste gang, så hvis du kunne kontakte os på care@joejuice.com med en beskrivelse af, hvad der skete, ville vi sætte stor pris på det! Skriv venligst: ""Svar på anmeldelse 3MHyPg"" i emnefeltet, når du kontakter os. Vi håber virkelig at høre fra dig, tak på forhånd! Med venlig hilsen, Kasper, JOE & THE JUICE",,,,,,,
"Kedelig mad. Vi fik chinabox.. det var jo bare en box med ris og nogle indbagte kylling. Der var ikke noget kylling/oksekød i sauce eller andet smagefuldt.. det var en kedelig omgang, og slet ikke 75kr værd..",,,,,,,
"Vi har 2 gange spist her. Begge gange dybt skuffende. Tjeneren var uengageret og næsten ubehøvlet. Maden so so. Og den vin vi fik 1.gang blev opkrævet som Chablis til kr.110 pr glas, hvilket vi ikke fik. Slet ikke den franske standard man ville forvente. Aurevoire Madame !",,,,,,,
"rigtig dårlig service, knust glas på vores bord og under bordet / ikke passet på mens vi spiste. pizzaen var hårdt brændt på kanterne og kold efter 5 minutters servering. Det tog meget lang tid at få pizzaen, selvom restauranten var halvt …",,,1,,,,
"Absolutely scammed, Betalt for en pizza og de sagde jeg har ikke betalt for den???",,,,,,,
"Skuffende oplevelse. Det tog dem 45 min at komme ned med en færdig cheesecake, samt en vaffel og sandwich. …",,,,,,,
"Køb ikke Too Good To Go herfra. Du kan ikke regne med butikken er åben, på den aftalte tid... Amatøragtigt.",,,,,,,
Ikke noget at skrive hjem om 🥴 …,,,,,,,
"Dyr i maden, ringer og klager hvorefter man bliver beskyldt for at lyve for at få gratis mad. Da vi sender billeder af dyr/mad og tilbyder at komme ned med det, lover de pengene retur. Sender kontonummer har aldrig modtaget penge og efter flere henvendelser bliver der ikke svaret.",,,,,,,
"Vi har altid været glæde for at bruge stedet til take away, men de sidste 5-7 gange har vi oplevet at maden var kold, selvom vi er kommet og hentet den før tid. Maden står på pizzaovnen når vi kommer, sikkert for at holde sig varm, men bliver nok lavet for tidligt. For et par måneder siden ringede vi og brokkede os, men blev afvist med at det ikke passede. Det er så sket alle gange siden at maden har været kold (både pizza og pomfritter). I dag bestilte vi så igen en pizza og en kyllingemix med ekstra spøde pomfritter. Begge dele var helt kolde, og pomfritterne var helt bløde og opløste i den væde de havde fået lov at stå i. Vi ringede igen, men chefen afviser det blot. Nu gider vi godt nok ikke give stedet flere chancer.",,,,,,,
"Køkkenet lukkede kl. 20.30, når de lukker kl. 23.00, hvilket ikke værdsættes.",,,,,,,
"1. De tog ikke imod internationale kort. Jeg blev bedt om at finde en hæveautomat. 2. Jeg bestilte fra deres særlige frokosttilbud (55 kr.). Jeg blev bedt om at betale 67 kr. (det viste sig, at de havde lavet den forkerte pizza). Der var ikke noget galt med pizzaen i sig selv, men jeg er virkelig forvirret over de gode anmeldelser. Hvis du leder efter noget italiensk, så tænk dig om og kig et andet sted.",,,,,,,
Hyggeligt sted. Hvis man elsker en kold buffet der ikke smager af noget. Den mongolske var meget olieret smagte heller ikke særlig godt. Indrømmer det var første eneste og så bestemt sidste gang jeg kom her,,,,,,,
"Noget skuffende, kødet var sej og personalet skar kødstykkeren af endstykker. 😨 …",,,,,,,
"Har aldrig set eller smagt noget lignende. Forfærdeligt og man kan ikke kalde det pizza- det var pap- tørt, ingen fyld - se billeder. Begge pizzaer røg direkte i skrældespanden😡 bestiller aldrig hos dem igen😠",,,,,,,
"Fik først gang en alm sandwich hos dem, blot for at prøve men fortryder virkeligt. Jeg skulle have gået lidt længere væk til en anden sandwich kæde. Lille sandwich til den sammen pris du kan fåes hos en anden med bedre smag og mere fyld i.",,,,,,,
"Forfærdeligt, baren har ikke en drinkliste. Bartenderen glemte det til gæsterne. I elevatoren er der en reklame for en drink, som var på drinklisten. Fantastiske 4 stjerner.",,,,,,,
"Fuldstændigt uacceptabelt! Jeg har betalt 99 kr for en portion taco, som jeg lige så godt kunne have lavet med et Santa Maria kit! Vi ved alle at billederne ikke altid lever op til produktet, men det her er bondefangeri... Jeg ser er billede med soft tacos, og braiseret oksekød - hvad jeg får, er kedelige taco tubs og fars der smager præcis som Santa Maria krydderimix. ALDRIG IGEN ☹",,,,,,,
Husk altid at kigge hvad du har fået af mad... 9/10 gange smider de det forkerte i.,,,1,,,,
Elendig mad billig kød forstår ikke folk syntes det er godt,,,,,,,
Dette er et ulækkert sted med ulækkert uinteresseret personale,,,,1,,,
Bookede bord til kl 10. Fik en mail om genbekræftelse af reservation dagen før for at de er sikre på vi kommer. Møder op til en restaurant der åbner kl. 11.00 🤬,,,,,,,
Absolut dårligste oplevelse Burger King Galten det lille Legeland har været lukket længe Der mangler mad ud fra hvad man har bestilt de er ikke organiseret og klør sig i skridtet og går om og laver mad derefter meget meget utilfreds,,,,,,,
"Generelt kan jeg godt lide at stoppe ved denne Burger King ofte, når jeg er på vej forbi. Men næste gang tager jeg til McDonald's, lige ved siden af! …",,,,,,,
Ikke godt. Gå ikke! Fisken var tør og smagløs. Skorpen blev brændt. Ikke halvdelen af ​​prisen værd. …,,,,,,,
"Once you go back you regret you didn’t go to mac. Ærgerlig oplevelse. 30min ventetid og virkelig elendig mad. Bløde slatne fritter. Splattet burger der stak i alle retninger, smagsmæssigt. Personalet rendte rundt som hovedløse høns og vi hørte dem sige til hinanden, at de ikke havde styr på det. Mens vi var der kom to take-away-kunder tilbage med deres mad, hvor der manglede noget, eller det var koldt. Elendig atmosfære, uden musik eller noget - kun stemmerne fra stresset personale.",,,,,,,
Kyllingen i min kyllingeburger var tør og sej i kødet(ik som en kylling burde være) Så der blev kyllingen i min burger så hurtigt smidt ud…. …,,,,,,,
"Hvis I har lukket om tirsdagen, så giv venligst også besked online 😫 …",,,,,,,
"God mad, elendig service. Få nu fingeren ud og kom i sving. I er på arbejde",,,,,,,
Sprunget over i køen utallige gange og ignoreret af personalet. Endte med at gå min vej,,,,,,,
"Møgbeskidt restaurant og sløv betjening. Ventende 20 minutter på vores mad. I de 45 minutter vi var der, lå der en spildt milkshake på gulvet og skraldespandene var overfyldte så man ikke kunne komme af med sit affald.",,,,1,,,
Lederen var meget ubehagelig over for sine medarbejdere og kom konstant med spydige bemærkninger foran kunderne. Dette gjorde os meget utilpas. …,,,,,,,
"Jeg var hos dem 2 Timer før de lukkede, hvor han sagde han har de sidste 2 shawarmaretter Som en kunde havde bestilt det men han ikke havde hentet den men det var slet ikke rigtigt det var alle mulige som han har samlet efter de kunder der var inde og spise🤮🤮🤮🤮🤮🤦🏽‍♂️",,,,,,,
ISKOLD mad leveret efter 1½ time - og telefonisk rykning. Pappadams leveret uden bestilt pickles-sæt. Paneer Pakora og Samosa kedelige og gummiagtige. 2 kyllingeretter bestilt ekstra stærke var absoult uden styrke og næsten uden krydderier. Garlic Nan var hæderlig og risene var helt OK efter en tur i mikro ovnen. En absolut håbløs oplevelse som ikke vil blive gentaget.,,,,,,,
Vi bestilte 3 pizzaer i går til levering og ja nok var det den 1-1-23 men 2 timer det er ikke rimeligt og det der live tracke det er ikke noget værd efter den første time skrev den at restaurant har bekræftet af vores levering ville ankomme snart det tog så lige endnu en time efter at jeg har ringet derind bare for at få at vide at det er meget nemmere at man selv henter??? Gad vide hvorfor man vælger levering fra start Og få så fjernet de 4kr for en pose man aldrig modtager Meget dårlig oplevelse desværre,,,,,,,
Ventede 12 minutter på en cheeseburger og 4 chili cheesetops... ikke engang myldretiden,,,,,,,
Meh... smagsløst...,,,,,,,
Elendig oplevelse.,,,,,,,
"De lukkede klokken 11:00, mens de på Google lukker klokken 00:00!!!",,,,,,,
"General helt ualmindelig laaaaaaaaaaag ventetid! Har aldrig oplevet noget lignende. Det virker som om stedet er uden nogen form for ledelse, medarbejderne har en ligeglad og opgivende holdning, og alt arbejde foregår i sneglefart. D.d var det ikke muligt at sælge “store” burgere, da en maskine var i stykker. “Jeg tror ikke der kommer nogen og laver den” var det umiddelbare svar. Det har man alligevel aldrig nogen sinde oplevet på McDonald's!",,,,,,,
"Vent venligst på at blive sat ned 😂 ja, det gjorde vi, og efter 10 minutter fik vi et bord og en menu, og efter 20 minutter ""siddende"" var der ingen, der ville tage vores bestilling! Ja, vent på at blive sat ned, men vent ikke, at du bliver betjent 😟😟",,,,,,,
Forsøgt at kommet til men der var lukket.....så ville vi prøve i lørdags da der stod der var åbent......det var der så ikke....,,,,,,,
Uprofessionel og uafaren ledelse og medarbejdere amatører mad,,,,,,,
"Vi fik et bord 20 minutter før de lukkede for brunch.. Da der efter 15 minutter endelig kom en tjener, så kunne vi simpelthen ikke bestille brunch, for så ville de bare blive sure i køkkenet.. Så brunch er åbenbart ikke til kl 14.. det er kun mens ‘kokkene’ er i godt humør Nuvel. Vi bestilte et stjerneskud og 6-7 småretter.. De bryster sig af nøje udvalgte råvarer og alt lavet fra bunden.. Fiskefilet fra fabrik, harsk olivenolie og generelt mangel på god smag. Tror der var 3 DELELEMENTER, ud at de 7 retter vi bestilte, så måske var hjemmelavede - men godt smagte de ikke. Stjerneskuddet var på størrelse med et mellemstort smørrebrød.. Utroligt at andre steder kan levere et smørrebrød på størrelse med et fad for samme pris.. Betjeningen var ligegyldig og gjorde ikke noget for at udbedre vores kritik. Vi kommer ikke igen. Det er simpelthen en turistfælde.",,,,,,,
"Desværre meget skuffende, da man ellers havde et andet indtryk af restauranten når man træder ind. Pastaretterne er alt for store portioner og er meget kedelige og simple. Retterne var generelt ikke prisen værd, og derfor forstår jeg heller ikke de gode anmeldelser som den har fået.",,,,,,,
Værste mad i verden. Bunden var helt rå men ovenpå mega brændt. Fuld af ost så det var rå alt sammen. Smagte forfærdeligt,,,1,,,,
I skulle skamme jer !,,,,,,,
"Var til julefrokost .Maden kom med meget forsinkelse , og var ingen oplevelse, meget dyrt drikkevarer",,,,,,,
"Med den nye menuændring er der 0 muligheder for cøliaki-patienter (glutenfri). Selv de retter, der var glutenfri før, er det ikke længere. Gør venligst en bedre indsats for IKEA ved at være mere inkluderende, især da butikkerne ligger i afsidesliggende områder, folk bruger timevis på at shoppe, og den svenske restaurant er en af ​​fordelene ved shoppingens afslutning.",,,,,,,
Maden er ikke et besøg værd,,,,,,,
"Jeg har aldrig i mit liv smagt en dårligere vegetarisk kokosmælk suppe. En dårlig gennem trængende fiskessmag der blev siddende i munden. Gjorde opmærksom på det, men tjener ville ikke trække det fra regningen. Kommer ikke der mere.",,,,,,,
"Bestilte en pizza. Fik hvad der svarede til hundemad på dåse.
Føj! Aldrig har jeg smagt så dårlig en pizza.",,,,,,,
"vi fik at vide af denne pige med langt krøllet hår, at vi ikke kunne bestille ved skranken, selvom servalfolk bestilte der, lod den næste kasserer os også. hun var meget uhøflig og ikke særlig serviceminded",,,,,,,
"Vi ville betale med kort, og de prøvede at snyde os til at betale 500 kr. i stedet for 108 kr.!! Det kunne ikke være en tilfældighed.",,,,,,,
Røveri at tage 85 kr. for en meget lille fadøl,,,,,,,
"Mig og min veninde var der i går aftes, hun fandt et stykke hår i kagen. Vi valgte derefter at fortælle personalet det. Hun var mørkhåret hende vi snakkede med, vi fortalte hende vi fandt et hår i det. Hun tog håret, kiggede på det sagde “det er ikke et hår…eller jo måske er det” efterfølgende sagde hun så “jeg har bagt kagen så det er umuligt” derefter sagde hun at det ikke var et hår og hun ikke ved det og derefter kaster hun den væk og går??? Hun gaslightede os vitterligt op i ansigtet, hvordan kan det lade sig gøre? Virkelig dårlig personale, der ikke engang kan tilbyde en ny kage eller returnere pengene tilbage? Vi stod vitterligt mundlam og hun gik bare. Det er det sidste sted min veninde og jeg vil vælge, har aldrig oplevet noget lignende.",,1,,,,,
"Virkelig forfærdelig mad, så fedtet, at jeg blev syg. Betjeningen var dårlig, der var en ventetid på over 20 minutter på drinks til alle. Jeg bestilte 2 forskellige sushi, fik 1 af en andens, spurgte om min og fik en andens. Fik aldrig min …",,,1,,,1,
"Jeg anbefaler ikke sushi, det er en joke. Gammelt kød og pasta. Prisen på 195 er også en joke, jeg anbefaler det ikke",,,1,,,,
"Jeg spiste her for 3 uger siden. Fik dönerkebaben. Den var ikke fantastisk, men det, der chokerede mig mere, var, at der var en lille maddike i kebaben. Jeg fik kvalme. Jeg har ikke, og vil ikke spise en anden kebab i mit liv på grund af denne oplevelse. Hvis jeg kunne give et 0, ville jeg. Men desværre kan jeg ikke, så jeg er nødt til at give dem et ufortjent 1.",,1,1,,,1,
Virkelig ringe mad.,,,,,,,
"Hot dog med hummeren for 250kr smagte af lige så meget som ingenting, eller nej… mere af den hotdog brød den var puttet ned i. Det var så kedeligt og sådan noget nemt som pommes fritter så faktisk godt ud da de ankom, men de var ikke sprøde …",,,,,,,
Vi gik til morgenmad. McDonald’s laver ikke morgenmad i Danmark.,,,,,,,
"Vi var meget skuffet over maden. Pomfritterne var bløde, ketchup bare smidt i pose imellem de varme pomfritter. Det lignede at maden bare var kastet i bakken. Og så var der ikke rå løg med i pølsemix.",,,,,,,
"Maden er for salt, ikke nok sovs til risen og portionen er mindre end hos inderen på nørrebro som i øvrigt også gør det billigere og bedre. Det ville være en ok portionsstørrelse hvis prisen var til det. Men det er den ikke. Udover det, så smager de (tror jeg) bløde løg forbrændt og bitre. Jeg ved ikke om det er meningen, jeg er ikke engang sikker på om det er løg.
Ærgerligt mand. Spild af mine penge.",,,,,,,
"Betalte 150 kr. for en toast, som de straks glemte, på trods af at der kun var få kunder i caféen, så vi ventede 40 minutter. Da vi endelig fik den efter at have irriteret dem, var den ekstremt skuffende i forhold til den høje pris. Jeg kan ikke anbefale den.",,,,,,,
Fik det aldrig at se. Tror de var revet ned for sæsonen,,,,,,,
"Virkelig øv oplevelse på Komfur.
Vi havde bestilt 5 retters efterårsmenu. Vi havde fået et tidsbegrænset bord på to timer. Og blev mødt fra tjeneren at vi skulle skynde os. Man følte sig ikke velkommen.
Maden var lidt kedelig og var ikke smagt til. Udover det var min kylling stadig rød i midten. Jeg gjorde tjeneren opmærksom på det, hvortil de afviste det fuldstændig. Den kunne jeg sagtens spise... Det resulterede så i en madforgiftning.
Vi gik med en virkelig øv følelse. Hvad der skulle have været en hyggeligt aften endte i skuffelse.",,,1,,,1,
"Sushi joint Amager, Det nok hidtil min værste sushi oplevelse i Danmark. Det hele var lidt tarveligt, og man kunne mærke at der ikke rigtigt var tænkt over tingene. I første omgang kan vi starte med menukortet, super ringe samt nogle sjusket billeder af maden. Derudover bestiller men en flaske vand, og får her en kedelig flaske med postevand (som ikke var i nærheden af kold) Derudover var deres lemonade bare en omgang kedelig citron sirup med lidt vand oveni - det var muligvis bare den helt tarvelige teisserie citron sirup. Derudover savner man lidt at maden smager friskt - der var ikke en rulle med ebi som smagte friskt. Det savner man lidt. Derudover oplevet man i flere omgange at deres stykker indeholdte en kedelig hård avocado. Ville ikke komme tilbage hvis der forsat er dette niveau.",,,,,,,
"Ubehagelig oplevelse med madforgiftning den 1/8-2025. Jeg spiste sushi på denne restaurant med min datter [1/8-2025 kl 16.40], og vi …",,,,,,1,
"Har aldrig behøvet at vente så længe på en simpel burger. Enten er de alvorligt underbemandede, eller også er deres system til at få maden ude af drift. Det hele er gået i stå, og der bliver ikke sat mad ud.",,,,,,,
"Jeg blev mødt af en meget uhøflig medarbejder, og det er desværre ikke første gang, jeg oplever det her.
Jeg forstår tyrkisk, hvilket medarbejderne ikke er klar over, og jeg kunne derfor høre, hvordan der blev talt om kunderne.
Efterfølgende fik jeg selv nogle upassende bemærkninger, da jeg rettede ham, fordi han havde misforstået min bestilling. Det virkede som om, det gik ham på. Køber aldrig mad herfra igen",,,,,,,
"Om smag kan man diskutere, efter min mening meget middelmådig mad dog. Men en persons karakter er ikke til diskussion. Vi hørte den formodede ejer af restauranten irettesætte en medarbejder for så mange ting, selv upassende ting, som f.eks. at personen burde bruge mindre makeup/skal se smuk ud... Se bare kommentarerne her, hvordan han reagerer på negative anmeldelser. Dårlig karakter. Selv personligt tager han kritik meget dårligt. Han spurgte os, hvordan maden var, og vi fortalte ham ærligt, at den var helt fin/hælder til middelmådig. Hans svar: Åh, det kan ikke være så slemt, jeg kan se, at I tømte jeres tallerkener. 1. Vi betalte for maden, så vi spiser den, selvom den er dårlig, 2. Vi spiste ikke engang alt færdigt, så bare benægtelse pfff. Det eneste positive var, at den medarbejder, han irettesatte så meget, var virkelig flink og gjorde et godt stykke arbejde i den position, de var sat i. Jeg håber det allerbedste for medarbejderen, og at de finder en giftfri arbejdsplads!",,,,,,,
"Ja, hvad er der ikke galt. Mad som bliver omkring en time forsinket, tilmed brændt på, for ikke at tale om at man ikke får det man bestiller. Alt i alt under alt kritik.",,,1,,,,
"Tja, man kan få the og kaffe",,,,,,,
"Frække! De annoncerer attraktive buffetpriser på gaden. Buffeten er meget enkel og ikke særlig velsmagende. Enhver tysk kinesisk takeaway kunne gøre det bedre. Det frækkeste var dog, at vi meddelte, at det var en buffet og tog noget til …",,,,,,,
"Hvis jeg kunne ville jeg give 0 stjerner. Vi ankom kl. 22.00 og fik at vide, at vi kun ville have 40 minutter at spise, men det havde vi ingen problemer med. Han gav os vores menuer 5 minutter efter at have sat os og kom aldrig tilbage for …",,,,,,,
"Vi havde glædet os til en god kop kaffe, men efter at have stået ved kassen i mere end 5 min., hvor ikke en eneste af de tre medarbejdere havde henvendt sig til os, ombestemte vi os. De tre medarbejdere havde mere travlt med at grine og tale om aftenen i byen, end at betjene kunder. Det var desværre for useriøst - og vi fandt et andet sted.",,,,,,,
"Ville give 0 for den forfærdelige, arrogante, kedelige og uhøflige service. 3 17-18-årige alene gør alt andet end at hjælpe.",,,,,,,
Får ikke hvad jeg beder om,,,,,,,
"Hej Lise, Noget er tydeligvis gået galt under jeres besøg. Det er vi kede af. Hvis du vil skrive en mail til bistroteket@gmail.com, vil vi rigtig gerne vide hvad vi kan … Mere",,,,,,,
Utrolig dårlig behandling. Booket bord til 16 mennesker personligt i caféen. Da vi kommer bliver vi bedt om at sidde ude. Det var den 2.11. Kl 18.00 Dette er ikke i orden.,,,,,,,
"Nærig med kød, spild af penge kom sulten ud.",,,,,,,
Fik bl. a. Kartoffelsalat. Den var nærmest uspiselig. Kartoflerne var på en gang hårde og melede. I øvrigt alt for kold. Fiskefrikadellerne med alt for hård skorpe. …,,,1,,,,
hej jeg har været på American house og jeg blev rigtig sur på en af de medarbejder som arbejder i køkkenet han ligner en 14 årige dreng med krøller han var rigtig ond imod mig og gad ikke og give min pizza til mig jeg kommer aldrig igen American house igen + drengen heder noget med Wad.,,,,,,,
Venter mere end 2 timer til 2 big menuer !!! Men har ikke fået end nu !!! 14. Februar 2024 !!!,,,,,,,
"Muligvis det rudeste personale, jeg nogensinde har mødt. Min kollega og jeg skulle dele regningen. Dette gjorde lederen vred. Han mente, at jeg skulle have fortalt ham det på forhånd (han spurgte heller ikke, da vi bad om at betale). Jeg skulle selv regne ud, hvor meget min mad kostede, og jeg skulle også betale 20 sek for det postevand, jeg fik i mit glas. Hvis du kommer forbi Helsingør og har chancen for at spise her, så lad være med at tage den, altså medmindre du kan lide virkelig uhøfligt personale og smagløse rødspætter!",,,,,,,
"Jeg betalte ved en fejl for nogle andres mad i drive in d. 10 december 2019. Jeg fandt ud af det da jeg tjekkede netbank og kunne konstatere at de havde trukket 230, - mere end hvad jeg selv havde bestilt. …",,,,,,,
"Personalet var uhøfligt, de gav os meget lidt tid til at bestille, og da jeg fandt et hår i min pizza, skændtes to forskellige medarbejdere med mig og fortalte mig, at ingen af ​​køkkenpersonalet var blonde (håret var blondt), at jeg selv er rødhåret. Restauranten er meget proppet og meget kold, næsten ingen varme.",,1,,,,,
Dårlig kvalitet og dyre drik,,,,,,,
Har aldrig betalt så meget for en så dårlig pizza Rigtig dårlig oplevelse Anbefalede ikke at nogle andre skal handle her inde,,,,,,,
"Meget dårlig mad. Tørre nachos uden grøntsager. Kun ostesalsa, guacamole og cremefraiche. Den italienske is kommer fra portionsopbevarede æsker og smager kemikalier.",,,,,,,
"Anmeldelse af Joe and Joice øverst i Frederiksberg Centeres (vist 2. sal). Jeg har lige købt en juice. Kollegerne kunne godt stå og grine til hinanden og råbe højt, da jeg bestiller og kommer med en sød lille bemærkning, fik jeg bare den sureste minde. Jeg prøvede igen, 8g han sagde bare ""og"" mega arrogant. Man skal åbenbart ikke være sød og imødekomme, i hvert ikke til ham med det rødlige hår og skæg. Jeg spurgte også ind til de forskellige juuce, der var ikke noget at hente. Dårlig stil. Mens den stil har jeg aldrig oplevet i den om ligger i stuen/1. Sal. Det er vist en ommer Joe J 🙃",,,,,,,
"Katrina og Steffen; Jeg skriver her for at korrigere en række faktuelle fejl og alvorlige påstande, som I offentligt har fremsat i jeres svar på min Google-anmeldelse. For det første vil jeg gøre det helt klart: Jeg har aldrig fremsat trusler mod jer – hverken skriftligt eller mundtligt. Min sidste mail til jer indeholder, som dokumenterbart vil kunne ses, ingen trusler. At påstå dette offentligt er forkert og meget problematisk. For det andet er det ligeledes usandt, at jeg skulle have fået “venner, som ikke kommer i caféen”, til at skrive dårlige anmeldelser. Jeg har alene skrevet min egen anmeldelse baseret på min egen oplevelse som betalende kunde. Min anmeldelse er et udtryk for utilfredshed med service og tone – noget enhver kunde har ret til at give udtryk for. At betegne dette som “hetz” er en grov misrepræsentation af situationen. Jeg finder det desuden dybt problematisk, at I har kontaktet Ørestad Syd Borgerforening med henblik på at få mig til at fjerne en privat anmeldelse, ledsaget af henvisninger til tidligere støtte. Det opleves som et forsøg på pres via tredjepart og er helt uacceptabelt. Af den grund valgte jeg at trække mig fra bestyrelsen med øjeblikkelig virkning, for at undgå enhver interessekonflikt. At I bruger så meget tid og energi på én enkelt kritisk anmeldelse – fremfor at forholde jer nøgternt og professionelt til den feedback, I har modtaget – understreger desværre blot mit oprindelige ærinde: at håndteringen af kritik hos jer ikke fremstår moden eller ansvarlig. Jeg ønsker ikke yderligere dialog, men jeg forventer, at I fremadrettet afholder jer fra at fremsætte urigtige anklager om mig – både offentligt og privat.",,,,,,,
"Den værste açai-bowl nogensinde. Den smagte ikke af meget, og ingredienserne var tydeligvis af meget dårlig kvalitet. Aldrig igen.",,,1,,,,
"Tjenesten er forfærdelig. Caffe var næsten tom,, måske 6-7 personer, og 4 piger vågnede derinde, men mens jeg ventede på, at min cappuccino skulle gå næsten i 20 minutter, spurgte jeg, om jeg nogensinde får min drink, ingen reaktion, jeg spurgte anden gang, og jeg så, at de serverede drinks til folk, der bestilte efter mig, jeg spurgte tredje gang, hver gang de spurgte, hvad jeg bestiller, så svært at huske en drink! Og så siger de, at de har virkelig travlt, men ingen ville ikke lave min drink, - 4 personer i café næsten uden kunderne, der arbejder så langsomt som snegle. Forfærdelig. Taljet tid.",,,,,,,
"Ingen af deres bestil selv automater virkede. Forsøgte 2 forskellige og den jeg var med fortalt deres var der ingen papir i, så de vidste ikke hvad nr. deres bestilling var.

Så snart ens ordre kom op på bestilling tavlen blev den markeret som udleveres selvom jeg måtte vente yderligere 10 minutter før min mad var klar.

Min burger var mildest talt uinteressant. Osten var slet ikke smeltet og tomater var næsten grønne. Rå løg og en tydelig bøf der havde ligget længe på grillen.

Kvalitet er ikke noget der betyder noget her åbenbart, skal blot gå hurtigt.",,,1,,,,
"21:44 ventede vi på maden i 25 minutter. Vi fik noget andet, og så bestilte vi. Det var virkelig ikke godt 😖 …",,,,,,,
"Det plejede at være rigtig godt og nu er det et helt styrt, jeg er virkelig skuffet efter ejerskiftet, man kan ikke spise der mere, jeg plejede at tage en lille omvej fordi det smagte så godt, men i dag var det sidste gang jeg var der, kan jeg kun advare folk, det er faktisk en skam .🤑👎👎👎 …",,,,,,,
"Min pizza var god, men min kærestes var ikke så stor. Kødet var ikke det bedste eller friskeste. Desværre var den annoncerede frokostspecial ikke tilgængelig, da vi blev opkrævet den normale pris. Og renligheden lod meget tilbage at ønske.",,,1,,,,
Maden er ikke ordentlig varmt faktisk kun lunken og vi har ventet over 30 min på maden Vi bestilte herregårde bøf med pommes,,,,,,,
"Vi er kommet på stryns over 40 år og må sige, at vi nu har fået den ringeste burger nogensinde. Kødet er helt fast og virker, som om at det er blandet med mel mm. En mærkelig konsistens og smag. Der kommer vi desværre ikke til at løbe mad igen.",,,,,,,
"Vi reserverede et bord til 4 personer dagen før vores ankomst. Vi bestilte, men desværre modtog vi ikke vores bestilling efter 40 minutter. Ingen mad, ingen drikkevarer. Så jeg kan desværre ikke bedømme maden. Men servicen er uacceptabel.",,,,,,,
"Personalet er rart. Jeg ved ikke, hvorfor en Dj er nødvendig for støjende. Maden var en skuffelse. Stedet er smukt. Ikke nok valg til vegetar. Faktisk meget kedeligt for pengene!",,,,,,,
"Tak for din seneste anmeldelse og dit besøg! Det er ærgerligt, at du ikke var tilfreds! Heldigvis har vi stor tillid til vores service, mad og atmosfære!",,,,,,,
Jeg stod i kø ved McDrive i 5 minutter...de registrerer åbenbart ikke hvis man står der på sine flade konvolutter...🥳🥳 …,,,,,,,
Ubagt pizza Decideret klamt,,,1,,,,
"Ringede efter at have ventet 1 time, , og jeg selv måtte komme og hente det fordi de ikke kunne levere, da jeg så bad ham annullere min ordre, sagde han at det kunne de ikke nu. Jeg er af den holdning, at han kan se jeg har betalt for levering, hvis han så ikke kan levere alligevel, så må han jo ringe og informere om det efter som jeg har betalt for levering, men den information for jeg først da jeg selv ringer, da jeg beklagede mig over det, fik jeg af vide at han ikke gad at høre på mig. Amatør biks, betalte 253kr som jeg ikke regner med at se noget til(billede vedhæftet). Så mit råd er hold dig langt væk fra dette sted.",,,,,,,
"Opkrævet mere end anført, maden var midt, og personalet var uhøfligt og utålmodigt.",,,,,,,
"Virklig er dårlig madoplevelse. Grillede grøntsager til 59 kr Hvor stedet nægter at pris, mængde og kvalitet ikke passer sammen.",,,,,,,
"Svindel og humbug. Vi blev opkrævet for sushi, som var blevet bestilt under ad libitum-konceptet. Restauranten mente ikke, at vi havde ""valgt"" ad libitum i tide. Det er en usmagelig måde at drive forretning på.",,,,,,,
Lækker salat,,,,,,,
"80 kr. for den nærigste pizza sandwich jeg nogensinde har set.
Eneste positive var god stemning og gratis kaffe.",,,,,,,
Spar jeres penge det er da de mest fuldstændig smagsløse pizzaer jeg nogensinde har smagt!! Æv,,,,,,,
"Jeg betalte 2x90kr for 2 burritos, der var ekstremt små og bestod af 90% ris, se selv.",,,,,,,
"Buffet var ikke godt med sorter, kun kylling, ikke værd for prisen. Bestilte lammebryani, den smager virkelig meget dårligt, da jeg ved, at dette er den eneste restaurant, der serverer briyani uden raita, der beder om at bestille og betale ekstra for raita. Service, ingen kommentarer. Totalt spildt vores penge.",,,,,,,
"Værste oplevelse nogensinde… Min kæreste og jeg havde planlagt en hyggelig dag hvor vi skulle starte dagen med en lækker brunch. Vi kommer så ind 10:55, og får så af vide vi så bare kan tage et bord, men at I først åbner om 5 minutter. Men ja vi får intet af vide ellers. Vi var lidt i tvivl om man skulle scanne Qr koden på menu kortet eller gå op til dem. Men når man sidder som de to eneste mennesker i hele restauranten, så forventer man lidt at man trods alt får lidt service eller i det mindste bliver henvendt sig til. Klokken bliver 11:05 og min kæreste og jeg kigger op på de to kollegaer der bare står og snakker, og stadig ikke har henvendt sig til os. Det resultere så i at vi begynder snakke om at finde et nyt sted at spise, og ja 11:10 tager vi vores ting og smutter over til “20 gram” og får os en fantastisk lækker morgenmad! Vi valgte egentlig Vivaldi fordi vi havde et gavekort, men ja hellere miste 250kr end at tage derind igen. 21/9/25",,,,,,,
"Ingen service, de kan hverken tale dansk eller engelsk. Det som står i deres menu giver ingen mening med hvad man skal betale. Og snakker ned til sine kunder. Og når man bestiller en omgang er der 40 min ventetid. Skod sted",,,,,,,
"35 min fra bestilling til servering. To brunch tallerkener den ene overtilbereft og den anden undertilberedt maden på begge tallerkener var gennem-kold, tilgenglæd var den sidste ret uspiselig …",,,1,,,,
"God mad, men meget dårlig kundeservice. De ved ikke, hvordan man taler med en kunde.",,,,,,,
Alt ialt et godt sted,,,,,,,
"Deres kebab smagte vildt mærkeligt, og nu har vi det pænt skidt, dagen efter at have spist et pitabrød deroppe fra, det var første og sidste gang vi prøvede dem",,,1,,,1,
Ude af stand,,,,,,,
"Vi var 4 som var nede for at få frokost.Vi ventede på at blive vist til et bord,men da ingen kom gik vi ind og satte os.Flere gange kom en medarbejder ind bagved hvor vi sad,men kom aldrig over til os,så da vi havde siddet omkring 15 min. gik min mand til disken og spurgte om man selv skulle bestille ved disken.Han fik afvide,at hvis vi ville have maden hurtigere,var det en god ide.Så han måtte have mobilen frem og skrive ned hvad de forskellige ville have og gå op og bestille. Maden kom ok hurtigt,men drikkevarer tog lidt længere tid,medarbejderen var åbenbart ny,for hun måtte stå og tælle bordene for at finde vores. Maden vat simpel og ok.Ikke den største smagsoplevelse og med den manglende service,har jeg valgt at give stedet 3 stjerner.Vi kommer nok forbi en anden gang for at smage en is togo ,men maden gider vi ikke igen",,,,,,,
👎 …,,,,,,,
"Vi tog derhen i aften for at købe noget mad. De oplyser, at lamme kebaben er færdig hvorfor de kunne tilbyde oksekebab.

Jeg kunne høre, at de talte kurdisk og sagde, at der ikke var nok kød, men at de blot ville bruge resterne tilbage.

Jeg er skuffet, men ikke overrasket over den slags behandling. Skam jer, I giver kurderne et dårligt ry.",,,,,,,
"Der var ikke rigitg tid til ""min mor og jeg"" Maden var pinlig og extrem dyr!😅 …",,,,,,,